mean_min,sd_min,n
150.1213396173669,8.529668696674719,1000
