mean_min,sd_min,n
172.3224708737719,8.85036006296063,1000
